{"epoch":99,"_runtime":119.361817383,"best_val_loss":0.01709696277976036,"loss":0.033182550221681595,"_timestamp":1.7513011658710663e+09,"val_loss":0.03649454563856125,"_wandb":{"runtime":119},"_step":99,"graph":{"path":"media/graph/graph_summary_0d2a1d0018b013bafaba.graph.json","_type":"graph-file","sha256":"0d2a1d0018b013bafaba1f573fab27c5ca8275751f29d03c0ded1f5c392648e3","size":1480},"best_epoch":58}