{"best_val_loss":0.0017461683601140976,"graph":{"_type":"graph-file","sha256":"1573489928aa0f2af469c2a23fd8e2bb5e4b817ec4273ad8ddbbe9f6566211f5","size":1445,"path":"media/graph/graph_summary_1573489928aa0f2af469.graph.json"},"_step":99,"val_loss":0.005333417095243931,"_runtime":128.845468845,"_wandb":{"runtime":128},"loss":0.025168100371956825,"best_epoch":45,"_timestamp":1.7513000776425128e+09,"epoch":99}