{"_step":99,"best_epoch":53,"best_val_loss":0.03131457790732384,"loss":0.03266279771924019,"_runtime":120.731715388,"epoch":99,"_wandb":{"runtime":120},"val_loss":0.1344742476940155,"graph":{"path":"media/graph/graph_summary_60d035ef906ff2b47200.graph.json","_type":"graph-file","sha256":"60d035ef906ff2b4720029c05860524e4c1c4090f9e399ea966d04eedd3f249c","size":1480},"_timestamp":1.7513009170460663e+09}