{"_step":999,"epoch":99,"graph":{"size":1417,"path":"media/graph/graph_summary_85f8b590172be88dfc92.graph.json","_type":"graph-file","sha256":"85f8b590172be88dfc92685c425585f9c083b0bab6f3b644f80fe14ddca60785"},"val_loss":0.05207925662398338,"best_epoch":74,"_wandb":{"runtime":1053},"loss":0.019543254747986794,"best_val_loss":0.0017775942105799913,"_timestamp":1.7513031721058106e+09,"_runtime":1053.932358414}