{"best_val_loss":0.03393573313951492,"val_loss":0.04396434873342514,"_runtime":138.507451793,"_wandb":{"runtime":138},"best_epoch":91,"loss":0.022626953199505806,"_step":99,"_timestamp":1.7513002195931647e+09,"graph":{"_type":"graph-file","sha256":"09dadb38d9d39a0a695bac66e7f4e81155bf8700ad9b719442129f6f923dbd57","size":1461,"path":"media/graph/graph_summary_09dadb38d9d39a0a695b.graph.json"},"epoch":99}