{"_wandb":{"runtime":122},"_timestamp":1.7513003449972682e+09,"loss":0.03338561952114105,"best_epoch":88,"_step":99,"best_val_loss":0.038403697311878204,"val_loss":0.10056990385055542,"epoch":99,"_runtime":122.409642841,"graph":{"path":"media/graph/graph_summary_dc4f5d503e7537491dc7.graph.json","_type":"graph-file","sha256":"dc4f5d503e7537491dc7604116d869321e428e5bd3fb0ef1ccb89c0a6f1512f5","size":1480}}