{"_step":99,"epoch":99,"_timestamp":1.7513013054137886e+09,"graph":{"_type":"graph-file","sha256":"e5ebe217c99661adf1666490b067186169773fe6923cdefbc35ce80a0cbf39a1","size":1483,"path":"media/graph/graph_summary_e5ebe217c99661adf166.graph.json"},"_runtime":136.675848666,"loss":0.023649482056498528,"best_val_loss":0.03332093358039856,"_wandb":{"runtime":136},"best_epoch":89,"val_loss":0.03644789010286331}