{"val_loss":0.025192370638251305,"epoch":99,"_timestamp":1.7513007862598293e+09,"best_val_loss":0.025192370638251305,"_wandb":{"runtime":172},"_runtime":169.136870058,"_step":99,"loss":0.03488405793905258,"graph":{"_type":"graph-file","sha256":"8c2b5d9601a2cef23758da1dd39c6bb10e1392439bcfc4785d4de20b2590781d","size":1480,"path":"media/graph/graph_summary_8c2b5d9601a2cef23758.graph.json"},"best_epoch":99}