{"val_loss":0.037712518125772476,"_timestamp":1.7513010368644419e+09,"loss":0.03543591871857643,"epoch":99,"_wandb":{"runtime":119},"_runtime":116.952965044,"_step":99,"best_epoch":99,"graph":{"path":"media/graph/graph_summary_430c25ca921ff30308bf.graph.json","_type":"graph-file","sha256":"430c25ca921ff30308bf1ae380897f8800ed4ac639e66eab7db1416aa25d96e3","size":1480},"best_val_loss":0.037712518125772476}