{"best_epoch":3,"_timestamp":1.751300614313751e+09,"epoch":99,"val_loss":0.1271970272064209,"_wandb":{"runtime":120},"graph":{"_type":"graph-file","sha256":"85175db6fd1b486be7d1560e064f873a8b78d403776ad4617f56b1f085276769","size":1480,"path":"media/graph/graph_summary_85175db6fd1b486be7d1.graph.json"},"loss":0.03457654267549515,"_runtime":120.093102557,"_step":99,"best_val_loss":0.0410354845225811}