{"epoch":99,"val_loss":0.0254936795681715,"graph":{"_type":"graph-file","sha256":"824786d9c0cdebcc297252f235d025f8f9087a8db948e856efd8fb14ad124df6","size":1480,"path":"media/graph/graph_summary_824786d9c0cdebcc2972.graph.json"},"loss":0.02709905058145523,"_runtime":143.460461583,"best_epoch":35,"_wandb":{"runtime":143},"_step":99,"best_val_loss":0.014212505891919136,"_timestamp":1.7513004912090576e+09}